-- phpMyAdmin SQL Dump
-- version 5.1.1
-- https://www.phpmyadmin.net/
--
-- 主机： localhost
-- 生成日期： 2024-09-15 18:52:55
-- 服务器版本： 5.7.44-log
-- PHP 版本： 8.0.26

SET SQL_MODE = "NO_AUTO_VALUE_ON_ZERO";
START TRANSACTION;
SET time_zone = "+00:00";


/*!40101 SET @OLD_CHARACTER_SET_CLIENT=@@CHARACTER_SET_CLIENT */;
/*!40101 SET @OLD_CHARACTER_SET_RESULTS=@@CHARACTER_SET_RESULTS */;
/*!40101 SET @OLD_COLLATION_CONNECTION=@@COLLATION_CONNECTION */;
/*!40101 SET NAMES utf8mb4 */;

--
-- 数据库： `edusync`
--

-- --------------------------------------------------------

--
-- 表的结构 `admin_key`
--

CREATE TABLE `admin_key` (
  `id` int(11) NOT NULL,
  `admin_user_id` int(11) NOT NULL COMMENT '用户id',
  `user_key` text NOT NULL COMMENT 'key内容',
  `time` int(11) NOT NULL COMMENT '申请时间'
) ENGINE=InnoDB DEFAULT CHARSET=utf8mb4;

--
-- 转存表中的数据 `admin_key`
--

INSERT INTO `admin_key` (`id`, `admin_user_id`, `user_key`, `time`) VALUES
(1722353017, 1, 'MTcyMjM1MzAxNi45NDMyZWR1c3luYzk4ODk=', 1722353017),
(1722750124, 1, 'MTcyMjc1MDEyMy43MTAxZWR1c3luYzg2NjE=', 1722750124),
(1722750157, 1, 'MTcyMjc1MDE1Ni44NDAyZWR1c3luYzExNzc=', 1722750157),
(1722751181, 1, 'MTcyMjc1MTE4MS40NDM2ZWR1c3luYzMxMDg=', 1722751181),
(1722751192, 1, 'MTcyMjc1MTE5MS44MDE1ZWR1c3luYzg5MDU=', 1722751192),
(1722751201, 1, 'MTcyMjc1MTIwMC41ODE0ZWR1c3luYzY3ODk=', 1722751201),
(1722751283, 1, 'MTcyMjc1MTI4My4yOTE5ZWR1c3luYzQ5NTY=', 1722751283),
(1723094453, 1, 'MTcyMzA5NDQ1My4wNjk5ZWR1c3luYzM2ODM=', 1723094453),
(1723094551, 1, 'MTcyMzA5NDU1MS4wMzNlZHVzeW5jNjY3Ng==', 1723094551),
(1723094556, 1, 'MTcyMzA5NDU1Ni4yOWVkdXN5bmM5NTEw', 1723094556),
(1723094948, 1, 'MTcyMzA5NDk0Ny41OTU0ZWR1c3luYzYxNQ==', 1723094948),
(1723094953, 1, 'MTcyMzA5NDk1Mi42MTQ4ZWR1c3luYzQ5MTY=', 1723094953),
(1723293908, 1, 'MTcyMzI5MzkwOC40MzY2ZWR1c3luYzcxMDY=', 1723293908),
(1723293918, 1, 'MTcyMzI5MzkxNy41MjAzZWR1c3luYzIzMzM=', 1723293918),
(1724390204, 1, 'MTcyNDM5MDIwNC4zMDQ4ZWR1c3luYzk3MTY=', 1724390204),
(1724390212, 1, 'MTcyNDM5MDIxMS45MTQzZWR1c3luYzM4NzA=', 1724390212),
(1724390218, 1, 'MTcyNDM5MDIxOC4xMjY1ZWR1c3luYzMw', 1724390218),
(1724390227, 1, 'MTcyNDM5MDIyNi44ODc5ZWR1c3luYzY1NTQ=', 1724390227),
(1724390336, 1, 'MTcyNDM5MDMzNi4xNTI4ZWR1c3luYzQwMDU=', 1724390336),
(1724390366, 1, 'MTcyNDM5MDM2NS42MzA4ZWR1c3luYzMwMjU=', 1724390366),
(1724390478, 1, 'MTcyNDM5MDQ3Ny42ODk5ZWR1c3luYzIwNzU=', 1724390478),
(1725717906, 1, 'MTcyNTcxNzkwNS45OTQ2ZWR1c3luYzc2MDY=', 1725717906),
(1725717918, 1, 'MTcyNTcxNzkxOC40MjY2ZWR1c3luYzI1OTY=', 1725717918),
(1725717923, 1, 'MTcyNTcxNzkyMy4zNjVlZHVzeW5jNjE1NQ==', 1725717923),
(1725718112, 1, 'MTcyNTcxODExMS43MTU2ZWR1c3luYzgxMTI=', 1725718112),
(1725718198, 1, 'MTcyNTcxODE5Ny41NjExZWR1c3luYzEwNzM=', 1725718198),
(1725718223, 1, 'MTcyNTcxODIyMi42NDkzZWR1c3luYzIyMTU=', 1725718223),
(1725718314, 1, 'MTcyNTcxODMxNC4wMjMzZWR1c3luYzE0OTc=', 1725718314),
(1725718326, 1, 'MTcyNTcxODMyNi40ODg0ZWR1c3luYzU3NzI=', 1725718326),
(1725718453, 1, 'MTcyNTcxODQ1My40NTA1ZWR1c3luYzM2OTE=', 1725718453),
(1725718462, 1, 'MTcyNTcxODQ2MS45OTI3ZWR1c3luYzkwNzk=', 1725718462),
(1725718612, 1, 'MTcyNTcxODYxMi4yMWVkdXN5bmM3NjA3', 1725718612),
(1725718700, 1, 'MTcyNTcxODcwMC4zMzRlZHVzeW5jMTI4OA==', 1725718700),
(1725719225, 1, 'MTcyNTcxOTIyNC41MjIxZWR1c3luYzg1Mzk=', 1725719225),
(1725719290, 1, 'MTcyNTcxOTI5MC4zNzk4ZWR1c3luYzQ5MDY=', 1725719290),
(1725719291, 1, 'MTcyNTcxOTI5MS4xMTExZWR1c3luYzU4NDY=', 1725719291),
(1725719334, 1, 'MTcyNTcxOTMzNC4xNDA5ZWR1c3luYzQzODM=', 1725719334),
(1725719990, 1, 'MTcyNTcxOTk5MC4zNTgzZWR1c3luYzMwNDY=', 1725719990);

-- --------------------------------------------------------

--
-- 表的结构 `admin_user`
--

CREATE TABLE `admin_user` (
  `id` int(11) NOT NULL COMMENT '主键',
  `uid` text NOT NULL,
  `password` text NOT NULL,
  `power` text NOT NULL COMMENT '权限'
) ENGINE=InnoDB DEFAULT CHARSET=utf8mb4;

--
-- 转存表中的数据 `admin_user`
--

INSERT INTO `admin_user` (`id`, `uid`, `password`, `power`) VALUES
(1, 'xiaoyi', 'xiaoyi..', ''),
(2, 'Xiaosu', '0189191415411', ''),
(3, 'LLP', 'lilianpei0710', '');

-- --------------------------------------------------------

--
-- 表的结构 `user`
--

CREATE TABLE `user` (
  `device_id` varchar(100) NOT NULL COMMENT '设备id',
  `time` int(11) NOT NULL COMMENT '最后一次上传时间',
  `data` text NOT NULL COMMENT '数据'
) ENGINE=InnoDB DEFAULT CHARSET=utf8mb4;

--
-- 转存表中的数据 `user`
--

INSERT INTO `user` (`device_id`, `time`, `data`) VALUES
('231289178673779', 1726331624, 'eyJmb3JtYXRfdmVyc2lvbiI6IDEsICJDUFVTdGF0dXMiOiB7ImNvdW50IjogOCwgInBlcmNlbnQiOiBbMjAuOSwgMS42LCA0LjcsIDEuNiwgNC43LCAzLjEsIDEuNiwgMTAuOSwgMC4wLCAwLjAsIDEuNiwgMC4wLCAwLjAsIDAuMCwgMS42LCA0LjddLCAicHJvY2Vzc29yIjogIkFNRDY0IEZhbWlseSAyNSBNb2RlbCA2OCBTdGVwcGluZyAxLCBBdXRoZW50aWNBTUQiLCAid25hbWUiOiAiQU1EIFJ5emVuIDcgNzQzNUgiLCAiYXJjaGl0ZWN0dXJlIjogWyI2NGJpdCIsICIiXSwgInRpbWUiOiB7InN5c3RlbSI6IDEyMDM3LjM1OTM3NDk5OTUzNCwgInVzZXIiOiAzODc1Mi41NjI1fX0sICJNZW1vcnlTdGF0dXMiOiB7InRvdGFsIjogMTY4NDk2MDA1MTIsICJ1c2VkIjogOTAxMzU3OTc3Nn0sICJEaXNrU3RhdHVzIjogW3sibmFtZSI6ICJDOlxcIiwgInRvdGFsIjogMjE0NzQ3MzEyMTI4LCAidXNlZCI6IDk3ODM4ODAwODk2LCAiZnJlZSI6IDExNjkwODUxMTIzMiwgInBlcmNlbnQiOiA0NS42fSwgeyJuYW1lIjogIkQ6XFwiLCAidG90YWwiOiA1MTIxMDg3ODU2NjQsICJ1c2VkIjogNDkyMzEzNTA5ODg4LCAiZnJlZSI6IDE5Nzk1Mjc1Nzc2LCAicGVyY2VudCI6IDk2LjF9LCB7Im5hbWUiOiAiRTpcXCIsICJ0b3RhbCI6IDI4NDE0MzEyMDM4NCwgInVzZWQiOiAxNzU3OTMxMTEwNDAsICJmcmVlIjogMTA4MzUwMDA5MzQ0LCAicGVyY2VudCI6IDYxLjl9XSwgIlN5c3RlbU91dHB1dCI6IHsic3lzdGVtIjogIldpbmRvd3MiLCAidmVyc2lvbiI6ICIxMC4wLjIyNjMxIn19'),
('4943751827826', 1726372046, 'eyJmb3JtYXRfdmVyc2lvbiI6IDEsICJDUFVTdGF0dXMiOiB7ImNvdW50IjogNCwgInBlcmNlbnQiOiBbNy43LCAwLjAsIDEuNiwgMS42LCAxLjYsIDAuMCwgMC4wLCAwLjBdLCAicHJvY2Vzc29yIjogIkludGVsNjQgRmFtaWx5IDYgTW9kZWwgNjAgU3RlcHBpbmcgMywgR2VudWluZUludGVsIiwgInduYW1lIjogIkludGVsKFIpIENvcmUoVE0pIGk3LTQ3OTAgQ1BVIEAgMy42MEdIeiIsICJhcmNoaXRlY3R1cmUiOiBbIjY0Yml0IiwgIldpbmRvd3NQRSJdLCAidGltZSI6IHsic3lzdGVtIjogNzA4Ni42MDkzNzUsICJ1c2VyIjogMTMzMTIuNTc4MTI1fX0sICJNZW1vcnlTdGF0dXMiOiB7InRvdGFsIjogMTcxMTkxNTQxNzYsICJ1c2VkIjogODYzNzEwODIyNH0sICJEaXNrU3RhdHVzIjogW3sibmFtZSI6ICJDOlxcIiwgInRvdGFsIjogMjE0NzQ5NDA5MjgwLCAidXNlZCI6IDE1MzYxNDk1ODU5MiwgImZyZWUiOiA2MTEzNDQ1MDY4OCwgInBlcmNlbnQiOiA3MS41fSwgeyJuYW1lIjogIkU6XFwiLCAidG90YWwiOiA3ODU0NTI2MjU5MjAsICJ1c2VkIjogMTQzMzYwNjkyMjI0LCAiZnJlZSI6IDY0MjA5MTkzMzY5NiwgInBlcmNlbnQiOiAxOC4zfV0sICJTeXN0ZW1PdXRwdXQiOiB7InN5c3RlbSI6ICJXaW5kb3dzIiwgInZlcnNpb24iOiAiMTAuMC4yMjYzMSJ9fQ==');

-- --------------------------------------------------------

--
-- 表的结构 `user_command`
--

CREATE TABLE `user_command` (
  `id` int(11) NOT NULL COMMENT '指令id',
  `type` int(11) NOT NULL COMMENT '指令类型1普通结果 2带参结果',
  `code` text NOT NULL COMMENT '指令内容',
  `time` int(11) NOT NULL COMMENT '生成时间',
  `effective` int(11) NOT NULL COMMENT '是否执行0否 1是',
  `device_id` varchar(1024) NOT NULL COMMENT '执行设备',
  `result` text NOT NULL COMMENT '返回结果'
) ENGINE=InnoDB DEFAULT CHARSET=utf8mb4;

--
-- 转存表中的数据 `user_command`
--

INSERT INTO `user_command` (`id`, `type`, `code`, `time`, `effective`, `device_id`, `result`) VALUES
(1, 1, '0', 1, 1, '1', '1');

-- --------------------------------------------------------

--
-- 表的结构 `user_token`
--

CREATE TABLE `user_token` (
  `id` int(11) NOT NULL COMMENT 'ip',
  `device_id` text NOT NULL COMMENT '设备标识码',
  `time` int(11) NOT NULL COMMENT '时间戳',
  `token` text NOT NULL COMMENT 'token内容'
) ENGINE=InnoDB DEFAULT CHARSET=utf8mb4;

--
-- 转存表中的数据 `user_token`
--

INSERT INTO `user_token` (`id`, `device_id`, `time`, `token`) VALUES
(1721833000, 'a', 1721834499, 'MTcyMTgzNDQ5OWVkdXN5bmMzMjM3'),
(1721834499, 'a', 1721834499, 'MTcyMTgzNDQ5OWVkdXN5bmMzMjM3'),
(1722005293, '9169770227402', 1722005293, 'MTcyMjAwNTI5M2VkdXN5bmM1Nzc3'),
(1722006140, '9169770227402', 1722006140, 'MTcyMjAwNjE0MGVkdXN5bmM2OTI2'),
(1722007146, '9169770227402', 1722007146, 'MTcyMjAwNzE0NmVkdXN5bmM4MzI3'),
(1722590428, '9169770227402', 1722590428, 'MTcyMjU5MDQyOGVkdXN5bmM2MzMy'),
(1722590662, '9169770227402', 1722590662, 'MTcyMjU5MDY2MmVkdXN5bmMzNDAw'),
(1722590847, '9169770227402', 1722590847, 'MTcyMjU5MDg0N2VkdXN5bmM1ODg4'),
(1722591056, '9169770227402', 1722591056, 'MTcyMjU5MTA1NmVkdXN5bmM0MTU='),
(1722591728, '9169770227402', 1722591728, 'MTcyMjU5MTcyOGVkdXN5bmM4Njk3'),
(1722592061, '9169770227402', 1722592061, 'MTcyMjU5MjA2MWVkdXN5bmM1Nzk5'),
(1722592257, '9169770227402', 1722592257, 'MTcyMjU5MjI1N2VkdXN5bmM2Mjcw'),
(1722592479, '9169770227402', 1722592479, 'MTcyMjU5MjQ3OWVkdXN5bmM5ODUy'),
(1722593042, '9169770227402', 1722593042, 'MTcyMjU5MzA0MmVkdXN5bmM2ODA0'),
(1722593387, '9169770227402', 1722593387, 'MTcyMjU5MzM4N2VkdXN5bmMyOTYx'),
(1722750921, '4943751827826', 1722750921, 'MTcyMjc1MDkyMWVkdXN5bmMyMzEz'),
(1722751370, '9169770227402', 1722751370, 'MTcyMjc1MTM3MGVkdXN5bmM5MjEy'),
(1722858366, 'a', 1722858366, 'MTcyMjg1ODM2NmVkdXN5bmM1NTIw'),
(1722914104, '4943751827826', 1722914104, 'MTcyMjkxNDEwNGVkdXN5bmMyNDc3'),
(1722914301, '4943751827826', 1722914301, 'MTcyMjkxNDMwMWVkdXN5bmM1NDI2'),
(1722914716, '4943751827826', 1722914716, 'MTcyMjkxNDcxNmVkdXN5bmMyODQx'),
(1722914902, '4943751827826', 1722914902, 'MTcyMjkxNDkwMmVkdXN5bmM3NTQ2'),
(1722915489, '4943751827826', 1722915489, 'MTcyMjkxNTQ4OWVkdXN5bmMzMDE5'),
(1722915498, '4943751827826', 1722915498, 'MTcyMjkxNTQ5OGVkdXN5bmM2MDE2'),
(1722915516, '4943751827826', 1722915516, 'MTcyMjkxNTUxNmVkdXN5bmMzMDk4'),
(1722915545, '4943751827826', 1722915545, 'MTcyMjkxNTU0NWVkdXN5bmM4MTY3'),
(1722915637, '4943751827826', 1722915637, 'MTcyMjkxNTYzN2VkdXN5bmM4Mzc3'),
(1722915650, '4943751827826', 1722915650, 'MTcyMjkxNTY1MGVkdXN5bmM0'),
(1722915767, '4943751827826', 1722915767, 'MTcyMjkxNTc2N2VkdXN5bmMzMjg5'),
(1722915835, '4943751827826', 1722915835, 'MTcyMjkxNTgzNWVkdXN5bmM2ODU4'),
(1722915836, '4943751827826', 1722915836, 'MTcyMjkxNTgzNmVkdXN5bmM3Nzc3'),
(1723008389, '4943751827826', 1723008389, 'MTcyMzAwODM4OWVkdXN5bmM1NTY0'),
(1723008583, '4943751827826', 1723008583, 'MTcyMzAwODU4M2VkdXN5bmM5NDc1'),
(1723009402, '4943751827826', 1723009402, 'MTcyMzAwOTQwMmVkdXN5bmM5NTI1'),
(1723009621, '4943751827826', 1723009621, 'MTcyMzAwOTYyMWVkdXN5bmM2NDk1'),
(1723009818, '4943751827826', 1723009818, 'MTcyMzAwOTgxOGVkdXN5bmM5NjM3'),
(1723010808, '4943751827826', 1723010808, 'MTcyMzAxMDgwOGVkdXN5bmMzNjYx'),
(1723011021, '4943751827826', 1723011021, 'MTcyMzAxMTAyMWVkdXN5bmM1OTI5'),
(1723011363, '4943751827826', 1723011363, 'MTcyMzAxMTM2M2VkdXN5bmM2MDg3'),
(1723011565, '4943751827826', 1723011565, 'MTcyMzAxMTU2NWVkdXN5bmMzMTYy'),
(1723011752, '4943751827826', 1723011752, 'MTcyMzAxMTc1MmVkdXN5bmM5MDg5'),
(1723012974, '4943751827826', 1723012974, 'MTcyMzAxMjk3NGVkdXN5bmM5NzQx'),
(1723013158, '4943751827826', 1723013158, 'MTcyMzAxMzE1OGVkdXN5bmM5Mjgw'),
(1723013364, '4943751827826', 1723013364, 'MTcyMzAxMzM2NGVkdXN5bmM4ODg0'),
(1723013685, '4943751827826', 1723013685, 'MTcyMzAxMzY4NWVkdXN5bmM0MjYz'),
(1723015258, '4943751827826', 1723015258, 'MTcyMzAxNTI1OGVkdXN5bmM0NTYx'),
(1723015548, '4943751827826', 1723015548, 'MTcyMzAxNTU0OGVkdXN5bmMxNTk4'),
(1723016107, '4943751827826', 1723016107, 'MTcyMzAxNjEwN2VkdXN5bmM1NDE2'),
(1723089918, '4943751827826', 1723089918, 'MTcyMzA4OTkxOGVkdXN5bmMxMzk2'),
(1723090706, '4943751827826', 1723090706, 'MTcyMzA5MDcwNmVkdXN5bmM5MTQ5'),
(1723091637, '4943751827826', 1723091637, 'MTcyMzA5MTYzN2VkdXN5bmMxNDMz'),
(1723091829, '4943751827826', 1723091829, 'MTcyMzA5MTgyOWVkdXN5bmM4OTMx'),
(1723094331, '4943751827826', 1723094331, 'MTcyMzA5NDMzMWVkdXN5bmMxNTQ0'),
(1723094551, '4943751827826', 1723094551, 'MTcyMzA5NDU1MWVkdXN5bmM1Mzg5'),
(1723094948, '4943751827826', 1723094948, 'MTcyMzA5NDk0OGVkdXN5bmM5MTQ0'),
(1723293908, '4943751827826', 1723293908, 'MTcyMzI5MzkwOGVkdXN5bmM0ODc4'),
(1723364242, '83878243998001', 1723364242, 'MTcyMzM2NDI0MmVkdXN5bmM5NDQw'),
(1723364598, '9169770227402', 1723364598, 'MTcyMzM2NDU5OGVkdXN5bmM4NTk2'),
(1723364679, '83878243998001', 1723364679, 'MTcyMzM2NDY3OWVkdXN5bmMxMDA5'),
(1723364873, '83878243998001', 1723364873, 'MTcyMzM2NDg3M2VkdXN5bmM4MzY3'),
(1723366394, '9169770227402', 1723366394, 'MTcyMzM2NjM5NGVkdXN5bmM4ODQ='),
(1723366621, '83878243998001', 1723366621, 'MTcyMzM2NjYyMWVkdXN5bmMyNzcy'),
(1723637851, '83878243998001', 1723637851, 'MTcyMzYzNzg1MWVkdXN5bmM4NDAw'),
(1723638469, '4943751827826', 1723638469, 'MTcyMzYzODQ2OWVkdXN5bmM4MzE4'),
(1723638805, '4943751827826', 1723638805, 'MTcyMzYzODgwNWVkdXN5bmM3MjA0'),
(1723639284, '4943751827826', 1723639284, 'MTcyMzYzOTI4NGVkdXN5bmM2ODUw'),
(1723640457, '4943751827826', 1723640457, 'MTcyMzY0MDQ1N2VkdXN5bmM3MzY2'),
(1723640663, '9169770227402', 1723640663, 'MTcyMzY0MDY2M2VkdXN5bmM1NzMz'),
(1723641083, '4943751827826', 1723641083, 'MTcyMzY0MTA4M2VkdXN5bmMxMTAx'),
(1723641527, '4943751827826', 1723641527, 'MTcyMzY0MTUyN2VkdXN5bmM5NDE2'),
(1723641743, '4943751827826', 1723641743, 'MTcyMzY0MTc0M2VkdXN5bmM1NjIw'),
(1723642073, '4943751827826', 1723642073, 'MTcyMzY0MjA3M2VkdXN5bmM1MDM='),
(1724387536, '4943751827826', 1724387536, 'MTcyNDM4NzUzNmVkdXN5bmM4NjYy'),
(1724389176, '4943751827826', 1724389176, 'MTcyNDM4OTE3NmVkdXN5bmM0NTcz'),
(1724390204, '4943751827826', 1724390204, 'MTcyNDM5MDIwNGVkdXN5bmM1MTUz'),
(1724390478, '4943751827826', 1724390478, 'MTcyNDM5MDQ3OGVkdXN5bmM5Njg2'),
(1724394775, '4943751827826', 1724394775, 'MTcyNDM5NDc3NWVkdXN5bmM4OTI3'),
(1724394961, '4943751827826', 1724394961, 'MTcyNDM5NDk2MWVkdXN5bmM1Nzcy'),
(1724395148, '4943751827826', 1724395148, 'MTcyNDM5NTE0OGVkdXN5bmMxMg=='),
(1724395331, '4943751827826', 1724395331, 'MTcyNDM5NTMzMWVkdXN5bmM2MDkx'),
(1724395512, '4943751827826', 1724395512, 'MTcyNDM5NTUxMmVkdXN5bmMyMTU='),
(1724395700, '4943751827826', 1724395700, 'MTcyNDM5NTcwMGVkdXN5bmM2MzA2'),
(1724395887, '4943751827826', 1724395887, 'MTcyNDM5NTg4N2VkdXN5bmMxNzI2'),
(1724396098, '4943751827826', 1724396098, 'MTcyNDM5NjA5OGVkdXN5bmM0MjMw'),
(1724396300, '4943751827826', 1724396300, 'MTcyNDM5NjMwMGVkdXN5bmMxNDkw'),
(1724396492, '4943751827826', 1724396492, 'MTcyNDM5NjQ5MmVkdXN5bmM0OTE2'),
(1724396728, '4943751827826', 1724396728, 'MTcyNDM5NjcyOGVkdXN5bmM5MTc5'),
(1725715647, '4943751827826', 1725715647, 'MTcyNTcxNTY0N2VkdXN5bmMyODEw'),
(1725716123, '4943751827826', 1725716123, 'MTcyNTcxNjEyM2VkdXN5bmM4'),
(1725716285, '231289178673779', 1725716285, 'MTcyNTcxNjI4NWVkdXN5bmMxMjc1'),
(1725716477, '231289178673779', 1725716477, 'MTcyNTcxNjQ3N2VkdXN5bmMxMDc2'),
(1725716680, '231289178673779', 1725716680, 'MTcyNTcxNjY4MGVkdXN5bmM0NTM0'),
(1725717906, '231289178673779', 1725717906, 'MTcyNTcxNzkwNmVkdXN5bmMxNDQ3'),
(1725718112, '231289178673779', 1725718112, 'MTcyNTcxODExMmVkdXN5bmM4MTEy'),
(1725718173, '4943751827826', 1725718173, 'MTcyNTcxODE3M2VkdXN5bmM0NDMx'),
(1725718314, '231289178673779', 1725718314, 'MTcyNTcxODMxNGVkdXN5bmM1NzI1'),
(1725718613, '4943751827826', 1725718613, 'MTcyNTcxODYxM2VkdXN5bmM5Njkx'),
(1725718701, '231289178673779', 1725718701, 'MTcyNTcxODcwMWVkdXN5bmM1MzA0'),
(1725719225, '231289178673779', 1725719225, 'MTcyNTcxOTIyNWVkdXN5bmM2MTM4'),
(1725719291, '4943751827826', 1725719291, 'MTcyNTcxOTI5MWVkdXN5bmM4MDEx'),
(1725719880, '4943751827826', 1725719880, 'MTcyNTcxOTg4MGVkdXN5bmM1NjYy'),
(1725720098, '4943751827826', 1725720098, 'MTcyNTcyMDA5OGVkdXN5bmM4ODUz'),
(1725720368, '4943751827826', 1725720368, 'MTcyNTcyMDM2OGVkdXN5bmM5Njg3'),
(1725720564, '4943751827826', 1725720564, 'MTcyNTcyMDU2NGVkdXN5bmMxNzI2'),
(1725720750, '4943751827826', 1725720750, 'MTcyNTcyMDc1MGVkdXN5bmMxMjA3'),
(1725721135, '231289178673779', 1725721135, 'MTcyNTcyMTEzNWVkdXN5bmMxOTQ1'),
(1725721346, '231289178673779', 1725721346, 'MTcyNTcyMTM0NmVkdXN5bmM4NTg4'),
(1725721581, '4943751827826', 1725721581, 'MTcyNTcyMTU4MWVkdXN5bmM2NTYx'),
(1725721822, '4943751827826', 1725721822, 'MTcyNTcyMTgyMmVkdXN5bmM3Nzk1'),
(1725722009, '9169770227402', 1725722009, 'MTcyNTcyMjAwOWVkdXN5bmM1ODgy'),
(1725722119, '4943751827826', 1725722119, 'MTcyNTcyMjExOWVkdXN5bmM2MzQ='),
(1725722214, '9169770227402', 1725722214, 'MTcyNTcyMjIxNGVkdXN5bmMyMDI4'),
(1725722534, '4943751827826', 1725722534, 'MTcyNTcyMjUzNGVkdXN5bmM4OTQ3'),
(1725722735, '4943751827826', 1725722735, 'MTcyNTcyMjczNWVkdXN5bmM4NTIw'),
(1725723303, '4943751827826', 1725723303, 'MTcyNTcyMzMwM2VkdXN5bmM2Mg=='),
(1725723527, '4943751827826', 1725723527, 'MTcyNTcyMzUyN2VkdXN5bmMzNjIw'),
(1725723911, '4943751827826', 1725723911, 'MTcyNTcyMzkxMWVkdXN5bmM3NjE1'),
(1725724095, '4943751827826', 1725724095, 'MTcyNTcyNDA5NWVkdXN5bmM0NTg2'),
(1725724279, '4943751827826', 1725724279, 'MTcyNTcyNDI3OWVkdXN5bmM1MTMy'),
(1725724473, '4943751827826', 1725724473, 'MTcyNTcyNDQ3M2VkdXN5bmM5OTI3'),
(1725725000, '4943751827826', 1725725000, 'MTcyNTcyNTAwMGVkdXN5bmMyMDcx'),
(1725725471, '4943751827826', 1725725471, 'MTcyNTcyNTQ3MWVkdXN5bmM2NDAy'),
(1725725892, '4943751827826', 1725725892, 'MTcyNTcyNTg5MmVkdXN5bmM1MTI4'),
(1725726136, '4943751827826', 1725726136, 'MTcyNTcyNjEzNmVkdXN5bmM2MzM1'),
(1726328523, '4943751827826', 1726328523, 'MTcyNjMyODUyM2VkdXN5bmMzMzk0'),
(1726328726, '4943751827826', 1726328726, 'MTcyNjMyODcyNmVkdXN5bmM1OA=='),
(1726331216, '4943751827826', 1726331216, 'MTcyNjMzMTIxNmVkdXN5bmM2ODQ2'),
(1726331571, '231289178673779', 1726331571, 'MTcyNjMzMTU3MWVkdXN5bmM5Nzc3'),
(1726372029, '4943751827826', 1726372029, 'MTcyNjM3MjAyOWVkdXN5bmMzMzg2');

--
-- 转储表的索引
--

--
-- 表的索引 `admin_key`
--
ALTER TABLE `admin_key`
  ADD PRIMARY KEY (`id`);

--
-- 表的索引 `admin_user`
--
ALTER TABLE `admin_user`
  ADD PRIMARY KEY (`id`);

--
-- 表的索引 `user`
--
ALTER TABLE `user`
  ADD PRIMARY KEY (`device_id`);

--
-- 表的索引 `user_command`
--
ALTER TABLE `user_command`
  ADD PRIMARY KEY (`id`);

--
-- 表的索引 `user_token`
--
ALTER TABLE `user_token`
  ADD PRIMARY KEY (`id`);
COMMIT;

/*!40101 SET CHARACTER_SET_CLIENT=@OLD_CHARACTER_SET_CLIENT */;
/*!40101 SET CHARACTER_SET_RESULTS=@OLD_CHARACTER_SET_RESULTS */;
/*!40101 SET COLLATION_CONNECTION=@OLD_COLLATION_CONNECTION */;
